variable,mae,count
so,0.06125748997446467,787968
thetao,0.18594087437618237,787968
uo,0.02163434820279934,787968
vo,0.015023641160594287,787968
