variable,mae,count
so,0.018073203747108992,589824
thetao,0.15035111842896892,589824
uo,0.012189593694024047,589824
vo,0.014698520453142313,589824
